Nr.,Country,Total Cases,New Cases,Total Deaths,New Deaths,Total Recovered,New Recovered,Active Cases,Serious/Critical,Total Cases per 1M,Deaths per 1M,Total Tests,Test per 1M,Population,Continent,1 Case every X ppl,1 Death every X ppl,1 Test every X ppl
1,USA,"31,915,179","+44,452","575,818",+265,"24,475,992","+52,403","6,863,369","9,205","95,984","1,732","419,269,369","1,260,939","332,505,583",North America,10,577,1
2,India,"13,525,364","+169,899","170,209",+904,"12,153,699","+75,366","1,201,456","8,944","9,727",122,"256,626,850","184,558","1,390,493,952",Asia,103,"8,169",5
3,Brazil,"13,482,023","+37,017","353,137","+1,668","11,838,564",,"1,290,322","8,318","63,080","1,652","28,600,000","133,814","213,728,826",South America,16,605,7
4,France,"5,058,680","+34,895","98,750",+176,"309,787","+6,148","4,650,143","5,838","77,367","1,510","69,627,924","1,064,883","65,385,498",Europe,13,662,1
5,Russia,"4,641,390","+8,702","102,986",+337,"4,265,509","+7,230","272,895","2,300","31,794",705,"123,700,000","847,359","145,983,010",Europe,31,"1,418",1
6,UK,"4,369,775","+1,730","127,087",+7,"3,972,029","+10,291","270,659",406,"64,108","1,864","134,289,127","1,970,141","68,162,199",Europe,16,536,1
7,Turkey,"3,849,011","+50,678","33,939",+237,"3,331,411","+30,194","483,661","2,824","45,261",399,"41,591,854","489,083","85,040,447",Asia,22,"2,506",2
8,Italy,"3,769,814","+15,746","114,254",+331,"3,122,555","+15,486","533,005","3,585","62,422","1,892","53,054,866","878,496","60,392,805",Europe,16,529,1
9,Spain,"3,347,512",,"76,328",,"3,095,922",,"175,262","2,050","71,576","1,632","43,458,915","929,228","46,768,828",Europe,14,613,1
10,Germany,"3,009,541","+16,738","78,964",+106,"2,671,200","+9,700","259,377","4,515","35,831",940,"51,559,277","613,862","83,991,585",Europe,28,"1,064",2
11,Poland,"2,574,631","+21,703","58,421",+245,"2,171,301","+28,236","344,909","3,459","68,086","1,545","12,912,603","341,473","37,814,435",Europe,15,647,3
12,Colombia,"2,518,715",,"65,608",,"2,375,176",,"77,931","2,603","49,096","1,279","13,246,202","258,200","51,302,055",South America,20,782,4
13,Argentina,"2,517,300",,"57,647",,"2,217,783",,"241,870","3,761","55,305","1,267","9,527,467","209,319","45,516,495",South America,18,790,5
14,Mexico,"2,278,420","+6,356","209,212",+51,"1,807,676","+2,763","261,532","4,798","17,529","1,610","6,265,261","48,202","129,979,772",North America,57,621,21
15,Iran,"2,070,141","+21,063","64,490",+258,"1,710,974","+8,912","294,677","4,392","24,405",760,"13,673,466","161,200","84,823,127",Asia,41,"1,315",6
16,Ukraine,"1,853,249","+12,112","37,014",+235,"1,410,860","+5,034","405,375",177,"42,575",850,"8,622,424","198,082","43,529,477",Europe,23,"1,176",5
17,Peru,"1,639,767",,"54,669",,"1,557,779",,"27,319","2,321","49,203","1,640","9,945,732","298,434","33,326,366",South America,20,610,3
18,Czechia,"1,580,189","+2,198","27,808",+37,"1,449,052",+129,"103,329","1,220","147,345","2,593","14,308,617","1,334,213","10,724,387",Europe,7,386,1
19,Indonesia,"1,566,995","+4,127","42,530",+87,"1,414,507","+5,219","109,958",,"5,682",154,"13,386,975","48,546","275,759,111",Asia,176,"6,484",21
20,South Africa,"1,558,458",+931,"53,322",+66,"1,483,296",+614,"21,840",546,"26,024",890,"10,138,936","169,303","59,886,167",Africa,38,"1,123",6
21,Netherlands,"1,350,665","+8,218","16,771",+17,N/A,N/A,N/A,781,"78,691",977,"11,292,587","657,913","17,164,268",Europe,13,"1,023",2
22,Chile,"1,076,499","+7,945","24,346",+133,"1,005,860","+7,460","46,293","3,155","55,942","1,265","11,897,931","618,295","19,243,128",South America,18,790,2
23,Canada,"1,058,652","+6,113","23,313",+26,"962,621","+3,988","72,718",928,"27,861",614,"28,875,724","759,925","37,998,103",North America,36,"1,630",1
24,Romania,"1,006,167","+3,302","25,135",+129,"906,659","+4,420","74,373","1,531","52,575","1,313","7,687,854","401,709","19,137,890",Europe,19,761,2
25,Iraq,"924,946","+6,791","14,713",+35,"814,853","+5,190","95,380",436,"22,606",360,"8,508,732","207,953","40,916,625",Asia,44,"2,781",5
26,Belgium,"922,487","+4,570","23,428",+38,"59,432",+267,"839,627",925,"79,328","2,015","11,670,137","1,003,563","11,628,700",Europe,13,496,1
27,Philippines,"864,868","+11,681","14,945",+201,"703,404","+55,204","146,519",751,"7,812",135,"10,764,163","97,231","110,707,106",Asia,128,"7,408",10
28,Sweden,"857,401",,"13,621",,N/A,N/A,N/A,376,"84,489","1,342","7,847,033","773,258","10,148,019",Europe,12,745,1
29,Israel,"835,933",+122,"6,296",+4,"826,205",+690,"3,432",259,"90,886",685,"13,740,302","1,493,902","9,197,590",Asia,11,"1,461",1
30,Portugal,"827,494",+566,"16,916",+6,"784,618",+410,"25,960",113,"81,337","1,663","9,363,361","920,357","10,173,616",Europe,12,601,1
31,Pakistan,"721,018","+5,050","15,443",+114,"631,700","+4,139","73,875","4,143","3,216",69,"10,734,960","47,882","224,195,210",Asia,311,"14,518",21
32,Hungary,"720,164","+6,296","23,417",+206,"426,394","+3,028","270,353","1,290","74,696","2,429","4,934,786","511,838","9,641,301",Europe,13,412,2
33,Bangladesh,"684,756","+5,819","9,739",+78,"576,590","+4,212","98,427",,"4,126",59,"5,002,865","30,145","165,957,839",Asia,242,"17,041",33
34,Jordan,"665,735","+3,340","7,773",+65,"596,293","+7,940","61,669",729,"64,751",756,"6,320,767","614,774","10,281,442",Asia,15,"1,323",2
35,Serbia,"642,208","+2,732","5,735",+35,"555,672","+5,434","80,801",266,"73,732",658,"3,588,296","411,973","8,710,025",Europe,14,"1,519",2
36,Switzerland,"617,543",,"10,453",+1,"557,566",,"49,524",189,"70,953","1,201","6,339,396","728,365","8,703,603",Europe,14,833,1
37,Austria,"577,007","+2,252","9,687",+25,"535,798","+3,259","31,522",602,"63,785","1,071","26,679,075","2,949,205","9,046,191",Europe,16,934,0
38,Japan,"503,403","+3,610","9,382",+29,"463,725","+2,732","30,296",520,"3,990",74,"10,430,419","82,666","126,175,717",Asia,251,"13,449",12
39,Morocco,"502,102",+414,"8,900",+9,"488,361",+346,"4,841",237,"13,480",239,"6,101,279","163,799","37,248,527",Africa,74,"4,185",6
40,Lebanon,"496,846","+2,213","6,661",+31,"402,172",,"88,013",833,"73,047",979,"3,694,320","543,147","6,801,692",Asia,14,"1,021",2
41,UAE,"483,747","+1,810","1,531",+2,"468,456","+1,652","13,760",,"48,459",153,"40,263,802","4,033,355","9,982,706",Asia,21,"6,520",0
42,Saudi Arabia,"398,435",+799,"6,754",+7,"383,321",+548,"8,360",915,"11,309",192,"15,797,442","448,383","35,232,061",Asia,88,"5,216",2
43,Bulgaria,"371,993",+462,"14,418",+67,"286,258",+459,"71,317",797,"53,851","2,087","2,270,329","328,664","6,907,756",Europe,19,479,3
44,Slovakia,"371,062",+589,"10,565",+78,"255,300",,"105,197",510,"67,939","1,934","2,439,970","446,742","5,461,694",Europe,15,517,2
45,Malaysia,"360,856","+1,739","1,329",+8,"343,953","+1,216","15,574",183,"11,040",41,"8,204,996","251,023","32,686,221",Asia,91,"24,595",4
46,Panama,"358,377",,"6,159",,"347,898",,"4,320",105,"82,062","1,410","2,234,081","511,565","4,367,153",North America,12,709,2
47,Ecuador,"346,817","+1,940","17,293",+18,"290,314",,"39,210",601,"19,430",969,"1,193,846","66,883","17,849,730",South America,51,"1,032",15
48,Belarus,"336,038","+1,175","2,354",+10,"326,487","+1,379","7,197",,"35,571",249,"5,553,937","587,910","9,446,911",Europe,28,"4,013",2
49,Greece,"295,480","+1,717","8,885",+52,"246,997",,"39,598",780,"28,457",856,"7,088,799","682,699","10,383,484",Europe,35,"1,169",1
50,Croatia,"292,516","+1,617","6,308",+39,"272,967","+2,003","13,241",182,"71,597","1,544","1,639,110","401,194","4,085,582",Europe,14,648,2
51,Georgia,"288,396",+707,"3,877",+8,"277,303",+592,"7,216",,"72,403",973,"3,671,403","921,717","3,983,221",Asia,14,"1,027",1
52,Azerbaijan,"285,993","+2,414","3,915",+36,"250,708","+1,695","31,370",,"28,011",383,"3,018,445","295,640","10,209,855",Asia,36,"2,608",3
53,Bolivia,"281,570",+921,"12,442",+14,"230,807",+786,"38,321",71,"23,870","1,055","982,858","83,322","11,795,936",South America,42,948,12
54,Nepal,"280,028",+303,"3,040",+1,"274,027",+141,"2,961",,"9,479",103,"2,312,901","78,296","29,540,607",Asia,105,"9,717",13
55,Tunisia,"271,861","+1,564","9,293",+58,"224,907",+510,"37,661",413,"22,818",780,"1,180,807","99,109","11,914,205",Africa,44,"1,282",10
56,Kazakhstan,"269,519","+2,842","3,221",+19,"234,057","+1,222","32,241",221,"14,222",170,"9,159,265","483,333","18,950,201",Asia,70,"5,883",2
57,Palestine,"268,132","+2,235","2,860",+22,"232,960","+1,672","32,312",185,"51,638",551,"1,636,553","315,171","5,192,582",Asia,19,"1,816",3
58,Dominican Republic,"257,186",,"3,385",,"216,020",,"37,781",154,"23,526",310,"1,343,391","122,886","10,932,007",North America,43,"3,230",8
59,Kuwait,"245,704",,"1,403",,"229,846",,"14,455",226,"56,885",325,"2,151,495","498,112","4,319,302",Asia,18,"3,079",2
60,Moldova,"241,217",+331,"5,388",+19,"222,927",+959,"12,902",307,"59,905","1,338","902,202","224,056","4,026,682",Europe,17,747,4
61,Ireland,"240,945",+302,"4,785",+2,"23,364",,"212,796",53,"48,379",961,"4,168,990","837,078","4,980,407",Europe,21,"1,041",1
62,Denmark,"237,792",+691,"2,441",+2,"226,630",+662,"8,721",38,"40,942",420,"29,118,371","5,013,485","5,808,010",Europe,24,"2,379",0
63,Paraguay,"233,745",,"4,749",,"191,614",,"37,382",444,"32,464",660,"969,044","134,586","7,200,208",South America,31,"1,516",7
64,Ethiopia,"228,996","+1,741","3,174",+28,"170,633","+1,595","55,189",971,"1,955",27,"2,445,578","20,875","117,151,321",Africa,512,"36,910",48
65,Slovenia,"226,499",+548,"4,119",+7,"208,561",+634,"13,819",139,"108,938","1,981","1,103,860","530,916","2,079,160",Europe,9,505,2
66,Lithuania,"226,173",+839,"3,687",+12,"205,897",+129,"16,589",150,"83,995","1,369","2,490,755","925,009","2,692,682",Europe,12,730,1
67,Costa Rica,"222,544",,"3,018",,"194,760",,"24,766",199,"43,380",588,"842,015","164,133","5,130,092",North America,23,"1,700",6
68,Egypt,"209,677",,"12,405",,"159,054",,"38,218",90,"2,020",119,"2,507,491","24,152","103,821,060",Africa,495,"8,369",41
69,Guatemala,"203,071",+431,"7,016",+15,"185,549",+791,"10,506",5,"11,176",386,"1,107,251","60,935","18,170,870",North America,89,"2,590",16
70,Armenia,"202,817",+650,"3,735",+15,"181,963",+783,"17,119",,"68,345","1,259","902,716","304,197","2,967,538",Asia,15,795,3
71,Honduras,"195,525",+977,"4,770",+4,"75,553",+320,"115,202",526,"19,502",476,"539,992","53,859","10,026,095",North America,51,"2,102",19
72,Qatar,"190,025",+961,333,+2,"169,635",+549,"20,057",461,"67,677",119,"1,802,462","641,947","2,807,805",Asia,15,"8,432",2
73,Bosnia and Herzegovina,"181,927",,"7,298",,"139,419",,"35,210",,"55,721","2,235","835,478","255,893","3,264,951",Europe,18,447,4
74,Venezuela,"173,786",,"1,759",,"156,472",,"15,555",237,"6,125",62,"3,359,014","118,386","28,373,362",South America,163,"16,130",8
75,Oman,"171,549","+3,544","1,776",+29,"152,784","+2,815","16,989",229,"32,950",341,"1,550,000","297,712","5,206,374",Asia,30,"2,932",3
76,Libya,"167,825",+937,"2,823",+16,"152,921",+593,"12,081",,"24,170",407,"910,823","131,178","6,943,421",Africa,41,"2,460",8
77,Nigeria,"163,736",,"2,060",,"154,098",,"7,578",11,779,10,"1,803,177","8,584","210,064,730",Africa,"1,283","101,973",116
78,Bahrain,"156,462","+1,060",557,+3,"144,917","+1,028","10,988",85,"89,570",319,"3,779,766","2,163,808","1,746,812",Asia,11,"3,136",0
79,Kenya,"145,184",,"2,330",,"98,605",,"44,249",247,"2,655",43,"1,557,704","28,486","54,682,340",Africa,377,"23,469",35
80,Myanmar,"142,576",+4,"3,206",,"131,853",+7,"7,517",,"2,607",59,"2,553,078","46,681","54,692,144",Asia,384,"17,059",21
81,North Macedonia,"141,844",+687,"4,228",+46,"116,780","+1,347","20,836",124,"68,086","2,029","669,141","321,192","2,083,308",Europe,15,493,3
82,Uruguay,"141,380",,"1,414",,"104,434",,"35,532",471,"40,591",406,"1,519,522","436,261","3,483,060",South America,25,"2,463",2
83,Albania,"128,393",+238,"2,317",+7,"97,723",+517,"28,353",18,"44,653",806,"585,329","203,567","2,875,358",Europe,22,"1,241",5
84,Algeria,"118,378",,"3,126",,"82,493",,"32,759",19,"2,663",70,"230,861","5,192","44,461,158",Africa,376,"14,223",193
85,Estonia,"114,174",+438,"1,028",+8,"94,807",+601,"18,339",72,"86,024",775,"1,195,859","901,021","1,327,227",Europe,12,"1,291",1
86,S. Korea,"109,559",+614,"1,768",+3,"100,109",+808,"7,682",105,"2,136",34,"8,129,532","158,460","51,303,412",Asia,468,"29,018",6
87,Latvia,"107,608",+368,"1,986",,"99,162",,"6,460",94,"57,546","1,062","2,026,131","1,083,517","1,869,958",Europe,17,942,1
88,Norway,"103,456",+256,684,,"88,952",,"13,820",57,"18,969",125,"4,824,081","884,497","5,454,040",Europe,53,"7,974",1
89,Sri Lanka,"95,131",+283,598,+3,"91,631",+175,"2,902",,"4,428",28,"2,374,627","110,536","21,482,812",Asia,226,"35,924",9
90,Montenegro,"94,035",,"1,365",,"88,144",,"4,526",69,"149,707","2,173","351,107","558,974","628,128",Europe,7,460,2
91,Ghana,"91,260",,754,,"89,092",,"1,414",10,"2,891",24,"1,025,654","32,486","31,572,093",Africa,346,"41,873",31
92,Kyrgyzstan,"90,227",+208,"1,522",+3,"85,925",+101,"2,780",25,"13,656",230,"900,866","136,346","6,607,187",Asia,73,"4,341",7
93,Zambia,"90,029",+111,"1,226",,"88,018","+1,205",785,59,"4,794",65,"1,305,345","69,511","18,778,931",Africa,209,"15,317",14
94,Cuba,"86,531",+959,459,+6,"80,805",+847,"5,267",54,"7,643",41,"3,213,345","283,833","11,321,250",North America,131,"24,665",4
95,Uzbekistan,"84,922",+198,634,,"82,760",+174,"1,528",23,"2,509",19,"1,377,915","40,714","33,843,508",Asia,399,"53,381",25
96,Finland,"82,053",+346,868,,"46,000",,"35,185",41,"14,791",156,"4,145,966","747,372","5,547,395",Europe,68,"6,391",1
97,Mozambique,"68,758",+180,791,+2,"58,904",+521,"9,063",68,"2,154",25,"496,181","15,541","31,927,207",Africa,464,"40,363",64
98,El Salvador,"66,489",+174,"2,051",+3,"62,958",+618,"1,480",60,"10,211",315,"871,383","133,821","6,511,554",North America,98,"3,175",7
99,Luxembourg,"63,650",,768,,"58,874",,"4,008",30,"100,421","1,212","2,490,226","3,928,849","633,831",Europe,10,825,0
100,Cameroon,"61,731",,919,,"56,926",,"3,886",385,"2,282",34,"1,187,367","43,890","27,053,489",Africa,438,"29,438",23
101,Singapore,"60,653",+20,30,,"60,322",,301,1,"10,305",5,"8,789,647","1,493,329","5,885,942",Asia,97,"196,198",1
102,Afghanistan,"57,242",+82,"2,529",+8,"51,989",+27,"2,724","1,120","1,445",64,"369,631","9,334","39,602,548",Asia,692,"15,659",107
103,Cyprus,"51,035",,272,,"39,061",,"11,702",52,"42,033",224,"3,888,225","3,202,397","1,214,161",Asia,24,"4,464",0
104,Namibia,"45,527",+204,570,+6,"43,640",+85,"1,317",34,"17,671",221,"361,681","140,385","2,576,359",Africa,57,"4,520",7
105,Ivory Coast,"45,206",+117,263,+3,"44,629",+432,314,,"1,682",10,"556,152","20,690","26,880,102",Africa,595,"102,206",48
106,Botswana,"42,674",,636,,"38,203",,"3,835",1,"17,869",266,"944,985","395,693","2,388,178",Africa,56,"3,755",3
107,Jamaica,"42,500",+381,672,+3,"18,896",+111,"22,932",49,"14,304",226,"304,179","102,376","2,971,180",North America,70,"4,421",10
108,Uganda,"41,140",+27,337,,"40,685",,118,24,878,7,"967,026","20,642","46,847,429",Africa,"1,139","139,013",48
109,Senegal,"39,431",+67,"1,078",+1,"38,174",+73,179,16,"2,308",63,"454,201","26,588","17,082,675",Africa,433,"15,847",38
110,Zimbabwe,"37,273",,"1,538",,"34,862",,873,12,"2,480",102,"393,000","26,148","15,029,879",Africa,403,"9,772",38
111,Malawi,"33,827",+22,"1,128",+1,"31,479",+119,"1,220",23,"1,734",58,"223,964","11,480","19,509,540",Africa,577,"17,296",87
112,Thailand,"32,625",+967,97,,"28,214",+53,"4,314",1,466,1,"8,124,896","116,177","69,935,763",Asia,"2,144","720,987",9
113,Sudan,"30,111",,"2,063",,"24,214",,"3,834",,675,46,"232,965","5,219","44,636,299",Africa,"1,482","21,637",192
114,Malta,"29,614",+66,402,,"28,654",+44,558,,"66,931",909,"832,727","1,882,060","442,455",Europe,15,"1,101",1
115,Australia,"29,402",+6,909,,"26,356",+4,"2,137",,"1,143",35,"16,101,054","625,807","25,728,466",Australia/Oceania,875,"28,304",2
116,DRC,"28,542",,745,,"25,841",,"1,956",,311,8,"143,197","1,562","91,648,013",Africa,"3,211","123,017",640
117,Madagascar,"28,063",+515,500,+7,"23,878",+397,"3,685",246,994,18,"154,334","5,466","28,237,696",Africa,"1,006","56,475",183
118,Maldives,"25,617",+93,67,,"22,551",+122,"2,999",82,"46,757",122,"668,667","1,220,460","547,881",Asia,21,"8,177",1
119,Rwanda,"23,426",+83,315,+1,"21,243",+171,"1,868",6,"1,775",24,"1,220,068","92,437","13,198,879",Africa,563,"41,901",11
120,Angola,"23,331",,550,,"21,890",,891,13,693,16,"440,970","13,105","33,649,497",Africa,"1,442","61,181",76
121,Guinea,"20,949",+142,134,+1,"18,563",+90,"2,252",24,"1,563",10,"413,716","30,860","13,406,179",Africa,640,"100,046",32
122,Gabon,"20,636",,127,,"17,456",,"3,053",20,"9,106",56,"662,689","292,436","2,266,102",Africa,110,"17,843",3
123,Syria,"20,226",+108,"1,378",+10,"14,012",+117,"4,836",,"1,135",77,,,"17,827,337",Asia,881,"12,937",
124,Mayotte,"19,643",,167,,"2,964",,"16,512",7,"70,691",601,"162,430","584,548","277,873",Africa,14,"1,664",2
125,French Polynesia,"18,652",,141,,"4,842",,"13,669",2,"66,103",500,"26,355","93,403","282,165",Australia/Oceania,15,"2,001",11
126,Cabo Verde,"18,629",,177,,"17,077",,"1,375",23,"33,227",316,"136,106","242,763","560,654",Africa,30,"3,168",4
127,Mauritania,"18,012",,450,,"17,322",,240,14,"3,797",95,"214,857","45,295","4,743,489",Africa,263,"10,541",22
128,French Guiana,"17,549",,94,,"9,995",,"7,460",9,"57,608",309,"169,271","555,666","304,627",South America,17,"3,241",2
129,Réunion,"17,508",,123,,"16,011",,"1,374",54,"19,448",137,"100,098","111,188","900,257",Africa,51,"7,319",9
130,Eswatini,"17,373",,669,,"16,645",,59,3,"14,856",572,"173,142","148,054","1,169,449",Africa,67,"1,748",7
131,Mongolia,"15,014",+831,22,+2,"9,159",+284,"5,833",88,"4,524",7,"2,446,241","737,041","3,319,001",Asia,221,"150,864",1
132,Tajikistan,"13,308",,90,,"13,218",,0,,"1,372",9,,,"9,702,390",Asia,729,"107,804",
133,Burkina Faso,"12,956",,152,,"12,593",,211,,607,7,"175,176","8,208","21,343,110",Africa,"1,647","140,415",122
134,Haiti,"12,840",,251,,"11,447",,"1,142",,"1,116",22,"54,379","4,725","11,509,894",North America,896,"45,856",212
135,Andorra,"12,545",+48,120,,"11,825",+55,600,12,"162,162","1,551","193,595","2,502,488","77,361",Europe,6,645,0
136,Belize,"12,485",,318,,"12,106",,61,1,"30,966",789,"103,373","256,388","403,190",North America,32,"1,268",4
137,Somalia,"12,271",,605,,"5,129",,"6,537",,756,37,"98,053","6,040","16,233,401",Africa,"1,323","26,832",166
138,Guadeloupe,"12,140",,174,,"2,242",,"9,724",13,"30,337",435,"159,029","397,397","400,177",North America,33,"2,300",3
139,Togo,"12,006",+59,116,,"9,274",+84,"2,616",,"1,425",14,"291,705","34,612","8,427,876",Africa,702,"72,654",29
140,Mali,"11,705",,405,,"7,101",,"4,199",,566,20,"242,445","11,713","20,698,144",Africa,"1,768","51,107",85
141,Hong Kong,"11,582",+13,207,,"11,206",+13,169,7,"1,535",27,"11,193,673","1,483,778","7,544,037",Asia,651,"36,445",1
142,Curaçao,"11,180",,63,,"6,405",,"4,712",22,"67,917",383,"83,985","510,197","164,613",North America,15,"2,613",2
143,Guyana,"11,149",+105,255,+3,"9,721",+33,"1,173",15,"14,122",323,"99,349","125,839","789,492",South America,71,"3,096",8
144,Lesotho,"10,707",,315,,"4,674",,"5,718",,"4,968",146,"71,129","33,001","2,155,388",Africa,201,"6,843",30
145,South Sudan,"10,372",+13,114,,"10,090",,168,,918,10,"139,379","12,340","11,295,111",Africa,"1,089","99,080",81
146,Congo,"10,084",,137,,"8,208",,"1,739",,"1,794",24,"92,500","16,452","5,622,440",Africa,558,"41,040",61
147,Aruba,"10,050",+34,92,,"9,411",+60,547,14,"93,823",859,"135,812","1,267,885","107,117",North America,11,"1,164",1
148,Djibouti,"9,876",+154,96,+2,"7,985",+222,"1,795",,"9,885",96,"139,794","139,922","999,087",Africa,101,"10,407",7
149,Bahamas,"9,364",,189,,"8,837",,338,4,"23,638",477,"79,493","200,664","396,149",North America,42,"2,096",5
150,Suriname,"9,278",,179,,"8,654",,445,9,"15,707",303,"45,980","77,840","590,697",South America,64,"3,300",13
151,Martinique,"9,028",,57,,98,,"8,873",5,"24,072",152,"133,358","355,584","375,039",North America,42,"6,580",3
152,Papua New Guinea,"8,442",+100,68,,846,,"7,528",,930,7,"70,260","7,740","9,077,560",Australia/Oceania,"1,075","133,494",129
153,Trinidad and Tobago,"8,404",+22,146,+1,"7,740",+17,518,14,"5,990",104,"115,779","82,522","1,403,000",North America,167,"9,610",12
154,Benin,"7,515",,93,,"6,452",,970,35,608,8,"548,484","44,351","12,366,998",Africa,"1,646","132,978",23
155,Equatorial Guinea,"7,219",,106,,"6,799",,314,11,"5,019",74,"115,364","80,210","1,438,269",Africa,199,"13,569",12
156,Nicaragua,"6,727",,179,,"4,225",,"2,323",,"1,006",27,,,"6,685,439",North America,994,"37,349",
157,Iceland,"6,258",,29,,"6,126",,103,,"18,247",85,"558,666","1,628,968","342,957",Europe,55,"11,826",1
158,Gambia,"5,602",,168,,"5,145",,289,3,"2,269",68,"59,297","24,019","2,468,751",Africa,441,"14,695",42
159,CAR,"5,491",,74,,"5,056",,361,2,"1,122",15,"40,907","8,358","4,894,487",Africa,891,"66,142",120
160,Yemen,"5,357",+81,"1,049",+18,"2,053",+26,"2,255",23,177,35,"20,872",688,"30,331,236",Asia,"5,662","28,914","1,453"
161,Niger,"5,072",,188,,"4,747",,137,1,204,8,"93,345","3,752","24,876,389",Africa,"4,905","132,321",266
162,San Marino,"4,956",,85,,"4,477",,394,10,"145,825","2,501","55,935","1,645,825","33,986",Europe,7,400,1
163,Chad,"4,636",+11,167,,"4,286",,183,,276,10,"110,863","6,604","16,787,343",Africa,"3,621","100,523",151
164,Seychelles,"4,395",,24,,"4,091",,280,,"44,476",243,"21,504","217,612","98,818",Africa,22,"4,117",5
165,Saint Lucia,"4,347",,64,,"4,160",,123,3,"23,589",347,"37,489","203,438","184,277",North America,42,"2,879",5
166,Gibraltar,"4,277",,94,,"4,180",,3,,"126,978","2,791","219,563","6,518,511","33,683",Europe,8,358,0
167,Cambodia,"4,238",+157,29,+3,"2,152",+72,"2,057",,251,2,"770,928","45,624","16,897,563",Asia,"3,987","582,675",22
168,Channel Islands,"4,051",,86,,"3,956",,9,1,"23,135",491,"399,901","2,283,817","175,102",Europe,43,"2,036",0
169,Sierra Leone,"4,005",+10,79,,"2,831",+3,"1,095",,494,10,"118,332","14,606","8,101,850",Africa,"2,023","102,555",68
170,Comoros,"3,789",,146,,"3,577",,66,,"4,287",165,,,"883,854",Africa,233,"6,054",
171,Barbados,"3,719",,44,,"3,587",,88,,"12,929",153,"145,814","506,918","287,648",North America,77,"6,537",2
172,Guinea-Bissau,"3,680",+2,66,,"3,069",+10,545,9,"1,837",33,"60,281","30,084","2,003,753",Africa,544,"30,360",33
173,Eritrea,"3,447",,10,,"3,166",,271,,962,3,"23,693","6,610","3,584,307",Africa,"1,040","358,431",151
174,Burundi,"3,154",+35,6,,773,,"2,375",,259,0.5,"90,019","7,402","12,162,250",Africa,"3,856","2,027,042",135
175,Liechtenstein,"2,753",+15,56,,"2,606",,91,4,"72,044","1,465","32,252","844,006","38,213",Europe,14,682,1
176,Vietnam,"2,693",+1,35,,"2,429",,229,,27,0.4,"2,598,753","26,514","98,015,919",Asia,"36,397","2,800,455",38
177,New Zealand,"2,574",+3,26,,"2,440",,108,,515,5,"1,942,141","388,265","5,002,100",Australia/Oceania,"1,943","192,388",3
178,Monaco,"2,375",+1,31,,"2,242",+12,102,6,"60,192",786,"51,953","1,316,699","39,457",Europe,17,"1,273",1
179,Turks and Caicos,"2,357",,17,,"2,280",,60,2,"60,249",435,"39,783","1,016,922","39,121",North America,17,"2,301",1
180,Sao Tome and Principe,"2,266",+3,35,,"2,184",+5,47,,"10,194",157,"12,597","56,668","222,294",Africa,98,"6,351",18
181,Sint Maarten,"2,185",,27,,"2,118",,40,1,"50,518",624,"25,304","585,037","43,252",North America,20,"1,602",2
182,Liberia,"2,042",,85,,"1,899",,58,2,397,17,"79,684","15,475","5,149,058",Africa,"2,522","60,577",65
183,St. Vincent Grenadines,"1,790",,10,,"1,651",,129,2,"16,095",90,"43,812","393,947","111,213",North America,62,"11,121",3
184,Bermuda,"1,773",,14,,888,,871,28,"28,551",225,"214,340","3,451,585","62,099",North America,35,"4,436",0
185,Saint Martin,"1,693",,12,,"1,399",,282,7,"43,217",306,"26,385","673,533","39,174",North America,23,"3,265",1
186,Isle of Man,"1,574",,29,,"1,445",,100,,"18,435",340,"44,761","524,250","85,381",Europe,54,"2,944",2
187,Caribbean Netherlands,"1,516",,14,,"1,365",,137,,"57,400",530,"10,011","379,047","26,411",North America,17,"1,887",3
188,Antigua and Barbuda,"1,197",,30,,936,,231,45,"12,145",304,"16,493","167,346","98,556",North America,82,"3,285",6
189,Mauritius,"1,192",+2,12,,775,+25,405,,936,9,"358,675","281,666","1,273,405",Africa,"1,068","106,117",4
190,Taiwan,"1,057",+1,11,+1,"1,022",+2,24,,44,0.5,"498,329","20,894","23,850,203",Asia,"22,564","2,168,200",48
191,Timor-Leste,947,,1,,443,,503,,708,0.7,"48,364","36,152","1,337,785",Asia,"1,413","1,337,785",28
192,Bhutan,918,+8,1,,875,,42,,"1,180",1,"651,942","837,784","778,174",Asia,848,"778,174",1
193,St. Barth,907,,1,,462,,444,,"91,616",101,"26,385","2,665,152","9,900",North America,11,"9,900",0
194,Diamond Princess,712,,13,,699,,0,,,,,,,,,,
195,Faeroe Islands,661,,1,,660,,0,,"13,488",20,"246,276","5,025,323","49,007",Europe,74,"49,007",0
196,Cayman Islands,516,,2,,487,,27,,"7,781",30,"84,802","1,278,718","66,318",North America,129,"33,159",1
197,Tanzania,509,,21,,183,,305,7,8,0.3,,,"61,039,205",Africa,"119,920","2,906,629",
198,Wallis and Futuna,432,,5,,44,,383,3,"38,972",451,"1,331","120,072","11,085",Australia/Oceania,26,"2,217",8
199,Brunei,219,,3,,206,,10,,497,7,"116,596","264,559","440,718",Asia,"2,012","146,906",4
200,British Virgin Islands,178,,1,,159,,18,,"5,858",33,"13,223","435,153","30,387",North America,171,"30,387",2
201,Dominica,165,,,,159,,6,,"2,288",,"13,500","187,175","72,125",North America,437,,5
202,Grenada,155,,1,,152,,2,,"1,373",9,"23,989","212,429","112,927",North America,729,"112,927",5
203,New Caledonia,121,,,,58,,63,,421,,"29,017","100,887","287,620",Australia/Oceania,"2,377",,10
204,Fiji,68,,2,,64,,2,,75,2,"40,300","44,705","901,472",Australia/Oceania,"13,257","450,736",22
205,Falkland Islands,60,,,,54,,6,,"16,863",,"7,165","2,013,772","3,558",South America,59,,0
206,Laos,51,+2,,,47,,4,,7,,"142,596","19,382","7,357,028",Asia,"144,255",,52
207,Macao,49,,,,48,,1,,75,,"4,418","6,733","656,168",Asia,"13,391",,149
208,Saint Kitts and Nevis,44,,,,44,,0,,823,,"12,381","231,464","53,490",North America,"1,216",,4
209,Greenland,31,,,,31,,0,,545,,"20,669","363,596","56,846",North America,"1,834",,3
210,Vatican City,27,,,,15,,12,,"33,624",,,,803,Europe,30,,
211,Anguilla,25,,,,22,,3,,"1,655",,"14,579","965,049","15,107",North America,604,,1
212,Saint Pierre Miquelon,24,,,,24,,0,,"4,158",,"5,126","888,080","5,772",North America,241,,1
213,Montserrat,20,,1,,19,,0,,"4,005",200,"1,313","262,915","4,994",North America,250,"4,994",4
214,Solomon Islands,19,,,,18,,1,,27,,"4,500","6,430","699,826",Australia/Oceania,"36,833",,156
215,Western Sahara,10,,1,,8,,1,,16,2,,,"608,623",Africa,"60,862","608,623",
216,MS Zaandam,9,,2,,7,,0,,,,,,,,,,
217,Marshall Islands,4,,,,4,,0,,67,,,,"59,499",Australia/Oceania,"14,875",,
218,Samoa,3,,,,2,,1,,15,,,,"199,435",Australia/Oceania,"66,478",,
219,Vanuatu,3,,,,1,,2,,10,,470,"1,503","312,662",Australia/Oceania,"104,221",,665
220,Micronesia,1,,,,1,,0,,9,,,,"115,955",Australia/Oceania,"115,955",,
221,China,"90,410",+10,"4,636",,"85,488",+7,286,4,63,3,"160,000,000","111,163","1,439,323,776",Asia,"15,920","310,467",9
